{
    "type": "cucumber:shaped_no_mirror",
    "conditions": [
        {
            "type": "mysticalagriculture:crop_enabled",
            "crop": "mysticalagriculture:coal"
        }
    ],
    "pattern": ["EEE", "EFE", "EEE"],
    "key": {
        "E": {
            "item": "mysticalagriculture:coal_essence"
        },
        "F": {
            "item": "mysticalagriculture:stone_essence"
        }
    },
    "result": {
        "item": "minecraft:coal_ore",
        "count": 1
    }
}
